Server,IP ,domain
3PARREPORT,10.241.110.184,idrac.careerbuilder.com
bear030924,10.231.107.101,idrac.careerbuilder.com
bear030925,10.231.107.100,idrac.careerbuilder.com
bearapim1,10.231.106.215,idrac.careerbuilder.com
BEARBUILDVM1,10.231.15.119,idrac.careerbuilder.com
bearcass01,10.231.110.110,idrac.careerbuilder.com
bearcass03,10.231.110.112,idrac.careerbuilder.com
bearcass04,10.231.110.113,idrac.careerbuilder.com
bearddp1a,10.231.110.118,idrac.careerbuilder.com
bearddp1b,10.231.110.119,idrac.careerbuilder.com
beardeployvm1,10.231.15.96,idrac.careerbuilder.com
BEARLS01,10.231.65.111,idrac.careerbuilder.com
BEARRPROC10,10.231.15.121,idrac.careerbuilder.com
bearrproc7,10.231.230.107,idrac.careerbuilder.com
bearsolrapi12,10.231.106.114,idrac.careerbuilder.com
bearsolrapi8,10.231.214.150,idrac.careerbuilder.com
bearsolrapi9,10.231.106.111,idrac.careerbuilder.com
bearsolrapim12,10.231.106.108,idrac.careerbuilder.com
bearsolrapim8,10.231.214.149,idrac.careerbuilder.com
bearsolrapim9,10.231.106.105,idrac.careerbuilder.com
BEARSOLRONE03,10.231.106.168,idrac.careerbuilder.com
BEARSOLRONE04,10.231.106.169,idrac.careerbuilder.com
BEARSOLRONE05,10.231.106.170,idrac.careerbuilder.com
BEARSOLRONE06,10.231.106.171,idrac.careerbuilder.com
BEARSOLRONE07,10.231.106.172,idrac.careerbuilder.com
BEARSOLRONEM1,10.231.106.165,idrac.careerbuilder.com
bearsolrres37,10.231.77.151,idrac.careerbuilder.com
bearsolrres38,10.231.77.152,idrac.careerbuilder.com
bearsolrresjobm1,10.231.214.110,idrac.careerbuilder.com
BEARSOLRSPARE1,10.231.15.141,idrac.careerbuilder.com
bearspare1,10.241.214.151,idrac.careerbuilder.com
bearspare2,10.241.214.152,idrac.careerbuilder.com
bearspare3,10.241.214.153,idrac.careerbuilder.com
BEARSPARE9,10.231.15.123,idrac.careerbuilder.com
BEARSRCHBAT1,10.231.105.111,idrac.careerbuilder.com
BEARSRCHBAT2,10.231.105.112,idrac.careerbuilder.com
BEARSRCHBAT3,10.231.105.108,idrac.careerbuilder.com
BEARSRCHBAT4,10.231.105.109,idrac.careerbuilder.com
BEARSRCHBAT5,10.231.105.110,idrac.careerbuilder.com
BEARSRCHBAT6,10.231.105.114,idrac.careerbuilder.com
BEARSRCHBAT7,10.231.105.115,idrac.careerbuilder.com
BEARSRCHBAT8,10.231.105.116,idrac.careerbuilder.com
BEARSRCHBAT9,10.231.105.117,idrac.careerbuilder.com
BEARSTAPI14,10.231.205.174,idrac.careerbuilder.com
BEARSTAPI17,10.231.205.177,idrac.careerbuilder.com
BEARSTAPI18,10.231.205.178,idrac.careerbuilder.com
BEARSTAPI19,10.231.205.179,idrac.careerbuilder.com
BEARVMHOST01,10.231.15.101,idrac.careerbuilder.com
BEARVMHOST02,10.231.15.102,idrac.careerbuilder.com
bearwebtest1,10.231.205.200,idrac.careerbuilder.com
bearwebtest2,10.231.205.201,idrac.careerbuilder.com
BIRDSA,10.240.19.194,idrac.careerbuilder.com
BIRDSB,10.240.19.195,idrac.careerbuilder.com
bobatch100,10.241.105.157,idrac.careerbuilder.com
bobatch101,10.241.105.158,idrac.careerbuilder.com
boblast100,10.241.10.100,idrac.careerbuilder.com
bumblea,10.241.110.86,idrac.careerbuilder.com
bumbleb,10.241.110.87,idrac.careerbuilder.com
cbbatch117,10.240.19.75,idrac.careerbuilder.com
cbbatch118,10.240.19.84,idrac.careerbuilder.com
cbbatch119,10.240.19.85,idrac.careerbuilder.com
cbbatch200,10.240.19.88,idrac.careerbuilder.com
CBBOASYNC01,10.241.183.102,idrac.careerbuilder.com
CBBOASYNC02,10.241.183.103,idrac.careerbuilder.com
CBBOMX01,10.241.160.203,idrac.careerbuilder.com
CBBOMX02,10.241.160.204,idrac.careerbuilder.com
cbcass10,10.241.205.149,idrac.careerbuilder.com
cbcass11,10.241.205.150,idrac.careerbuilder.com
cbcass12,10.241.205.151,idrac.careerbuilder.com
cbcass13,10.241.205.152,idrac.careerbuilder.com
cbcass14,10.241.205.153,idrac.careerbuilder.com
cbcass15,10.241.205.154,idrac.careerbuilder.com
cbcass9,10.241.205.148,idrac.careerbuilder.com
cbrabbit01,10.241.205.130,idrac.careerbuilder.com
cbrabbit02,10.241.205.131,idrac.careerbuilder.com
cbrabbit03,10.241.205.128,idrac.careerbuilder.com
cbrabbit04,10.241.205.129,idrac.careerbuilder.com
CBSTATSBATCH01,10.241.105.135,idrac.careerbuilder.com
CBSTATSBATCH02,10.241.105.136,idrac.careerbuilder.com
chi108s1,10.231.254.50,idrac.careerbuilder.com
chi108s2,10.231.254.80,idrac.careerbuilder.com
chi109s1,10.231.254.110,idrac.careerbuilder.com
CHIPXEHOST,10.231.15.80,idrac.careerbuilder.com
CHISBRGE01,10.231.65.18,idrac.careerbuilder.com
chivmhost01,10.231.15.121,idrac.careerbuilder.com
cliffa,10.241.110.115,idrac.careerbuilder.com
cliffb,10.241.110.116,idrac.careerbuilder.com
DANGERA,10.241.110.190,idrac.careerbuilder.com
DANGERB,10.241.110.191,idrac.careerbuilder.com
DARKA,10.241.65.141,idrac.careerbuilder.com
DARKB,10.241.65.142,idrac.careerbuilder.com
devcloud01,10.241.2.11,idrac.careerbuilder.com
devcloud02,10.241.2.12,idrac.careerbuilder.com
devcloud04,10.241.2.14,idrac.careerbuilder.com
devcloud06,10.241.2.16,idrac.careerbuilder.com
devcloud14,10.241.2.24,idrac.careerbuilder.com
devcloud16,10.241.2.26,idrac.careerbuilder.com
devcloud19,10.241.2.29,idrac.careerbuilder.com
devcloud20,10.241.2.30,idrac.careerbuilder.com
devcloud21,10.241.2.31,idrac.careerbuilder.com
devcloud22,10.241.2.32,idrac.careerbuilder.com
devcloud23,10.241.2.33,idrac.careerbuilder.com
devcloud24,10.241.2.34,idrac.careerbuilder.com
devcloud25,10.241.2.35,idrac.careerbuilder.com
devcloud26,10.241.2.36,idrac.careerbuilder.com
DEVDBVM,10.241.19.50,idrac.careerbuilder.com
DEVDBVM10,10.241.19.60,idrac.careerbuilder.com
DEVDBVM7,10.241.19.57,idrac.careerbuilder.com
DEVDBVM8,10.241.19.58,idrac.careerbuilder.com
DEVDBVM9,10.241.19.59,idrac.careerbuilder.com
devsbvm3,10.241.19.108,idrac.careerbuilder.com
devsbvm4,10.241.19.109,idrac.careerbuilder.com
devsbvm5,10.241.19.110,idrac.careerbuilder.com
devsoundb,10.241.99.73,idrac.careerbuilder.com
devstrtshv10,10.241.2.20,idrac.careerbuilder.com
devstrtshv11,10.241.2.21,idrac.careerbuilder.com
devstrtshv12,10.241.2.22,idrac.careerbuilder.com
devstrtshv13,10.241.2.23,idrac.careerbuilder.com
devstrtshv15,10.241.2.25,idrac.careerbuilder.com
devstrtshv17,10.241.2.27,idrac.careerbuilder.com
devstrtshv18,10.241.2.28,idrac.careerbuilder.com
devstrtshv20,10.241.2.30,idrac.careerbuilder.com
devstrtshv3,10.241.2.13,idrac.careerbuilder.com
devstrtshv5,10.241.2.15,idrac.careerbuilder.com
devstrtshv6,10.241.2.16,idrac.careerbuilder.com
devstrtshv7,10.241.2.17,idrac.careerbuilder.com
devstrtshv8,10.241.2.18,idrac.careerbuilder.com
devstrtshv9,10.241.2.19,idrac.careerbuilder.com
devstrtshvm1,10.241.2.1,idrac.careerbuilder.com
devstrtshvm2,10.241.2.2,idrac.careerbuilder.com
devstrtsstr1,10.241.2.201,idrac.careerbuilder.com
devstrtsstr2,10.241.2.202,idrac.careerbuilder.com
devvm1,10.241.19.101,idrac.careerbuilder.com
devvm2,10.241.19.102,idrac.careerbuilder.com
devvm3,10.241.19.103,idrac.careerbuilder.com
devvm4,10.241.19.104,idrac.careerbuilder.com
devvm5,10.241.19.105,idrac.careerbuilder.com
dis-vascoidvm,10.232.15.110,idrac.careerbuilder.com
DPIBLAST1Q,10.241.212.200,idrac.careerbuilder.com
DPIMAIL1Q,10.241.212.190,idrac.careerbuilder.com
DPISVC1Q,10.241.213.100,idrac.careerbuilder.com
drdbtfs,10.232.110.128,idrac.careerbuilder.com
ghqbuild2,10.241.30.146,idrac.careerbuilder.com
ghqbuild3.ghqbuild3,10.241.30.143,idrac.careerbuilder.com
ghqfound01,10.241.30.148,idrac.careerbuilder.com
iRMCF94846,10.231.106.172,idrac.careerbuilder.com
LUIGIASYNC1,10.232.110.101,idrac.careerbuilder.com
LUIGIASYNC10,10.232.110.110,idrac.careerbuilder.com
LUIGIASYNC2,10.232.110.102,idrac.careerbuilder.com
LUIGIASYNC3,10.232.110.103,idrac.careerbuilder.com
LUIGIASYNC4,10.232.110.104,idrac.careerbuilder.com
LUIGIASYNC5,10.232.110.105,idrac.careerbuilder.com
LUIGIASYNC6,10.232.110.106,idrac.careerbuilder.com
LUIGIASYNC7,10.232.110.107,idrac.careerbuilder.com
LUIGIASYNC8,10.232.110.108,idrac.careerbuilder.com
LUIGIASYNC9,10.232.110.109,idrac.careerbuilder.com
LUIGIAUTH1,10.232.101.101,idrac.careerbuilder.com
LUIGIAUTH2,10.232.101.102,idrac.careerbuilder.com
LUIGIBATCH1,10.232.105.101,idrac.careerbuilder.com
LUIGIBATCH10,10.232.105.110,idrac.careerbuilder.com
LUIGIBATCH11,10.232.105.111,idrac.careerbuilder.com
LUIGIBATCH12,10.232.105.112,idrac.careerbuilder.com
luigibatch13,10.232.105.113,idrac.careerbuilder.com
LUIGIBATCH14,10.232.105.114,idrac.careerbuilder.com
LUIGIBATCH15,10.232.105.115,idrac.careerbuilder.com
LUIGIBATCH16,10.232.105.116,idrac.careerbuilder.com
LUIGIBATCH2,10.232.105.102,idrac.careerbuilder.com
LUIGIBATCH3,10.232.105.103,idrac.careerbuilder.com
LUIGIBATCH4,10.232.105.104,idrac.careerbuilder.com
LUIGIBATCH5,10.232.105.105,idrac.careerbuilder.com
LUIGIBATCH6,10.232.105.106,idrac.careerbuilder.com
LUIGIBATCH7,10.232.105.107,idrac.careerbuilder.com
LUIGIBATCH8,10.232.105.108,idrac.careerbuilder.com
LUIGIBATCH9,10.232.105.109,idrac.careerbuilder.com
luigideployvm1,10.232.15.96,idrac.careerbuilder.com
LUIGIJEPROC1,10.232.84.101,idrac.careerbuilder.com
LUIGIJEPROC2,10.232.84.102,idrac.careerbuilder.com
LUIGIJEPROC3,10.232.84.103,idrac.careerbuilder.com
LUIGIJEPROC4,10.232.84.104,idrac.careerbuilder.com
luigijeproc5,10.232.84.105,idrac.careerbuilder.com
LUIGIJEPROC6,10.232.84.106,idrac.careerbuilder.com
LUIGIMAIL1,10.232.186.101,idrac.careerbuilder.com
LUIGIMAIL10,10.232.40.50,idrac.careerbuilder.com
LUIGIMAIL100,10.232.188.50,idrac.careerbuilder.com
LUIGIMAIL101,10.232.188.70,idrac.careerbuilder.com
luigimail102,10.232.188.90,idrac.careerbuilder.com
LUIGIMAIL11,10.232.40.70,idrac.careerbuilder.com
LUIGIMAIL12,10.232.40.90,idrac.careerbuilder.com
LUIGIMAIL2,10.232.186.102,idrac.careerbuilder.com
LUIGIMAIL200,10.232.187.100,idrac.careerbuilder.com
LUIGIMAIL201,10.232.187.101,idrac.careerbuilder.com
LUIGIMAIL202,10.232.187.102,idrac.careerbuilder.com
LUIGIMAIL203,10.232.187.103,idrac.careerbuilder.com
LUIGIMAIL204,10.232.187.104,idrac.careerbuilder.com
LUIGIMAIL205,10.232.187.105,idrac.careerbuilder.com
LUIGIMAIL300,10.232.192.100,idrac.careerbuilder.com
LUIGIMAIL301,10.232.192.101,idrac.careerbuilder.com
LUIGIORKIN1,10.232.65.71,idrac.careerbuilder.com
luigiparse1,10.232.222.101,idrac.careerbuilder.com
luigiparse2,10.232.222.102,idrac.careerbuilder.com
LUIGIRPROC1,10.232.230.101,idrac.careerbuilder.com
LUIGIRPROC2,10.232.230.102,idrac.careerbuilder.com
LUIGIRPROC3,10.232.230.103,idrac.careerbuilder.com
LUIGIRPROC4,10.232.230.104,idrac.careerbuilder.com
LUIGISPARE1,10.232.192.100,idrac.careerbuilder.com
luigispare2,10.232.192.101,idrac.careerbuilder.com
luigispare3,10.232.192.102,idrac.careerbuilder.com
luigispare4,10.232.192.103,idrac.careerbuilder.com
LUIGISVC1,10.232.100.101,idrac.careerbuilder.com
LUIGISVC2,10.232.100.102,idrac.careerbuilder.com
LUIGISVC3,10.232.100.103,idrac.careerbuilder.com
LUIGISVC4,10.232.100.104,idrac.careerbuilder.com
LUIGISVC5,10.232.100.105,idrac.careerbuilder.com
LUIGISVC6,10.232.100.106,idrac.careerbuilder.com
LUIGIVMHOST1,10.232.15.153,idrac.careerbuilder.com
LUIGIVMHOST10,10.232.15.162,idrac.careerbuilder.com
LUIGIVMHOST11,10.232.15.163,idrac.careerbuilder.com
LUIGIVMHOST12,10.232.15.164,idrac.careerbuilder.com
LUIGIVMHOST13,10.232.15.165,idrac.careerbuilder.com
luigivmhost2,10.232.15.154,idrac.careerbuilder.com
LUIGIVMHOST3,10.232.15.155,idrac.careerbuilder.com
LUIGIVMHOST4,10.232.15.156,idrac.careerbuilder.com
LUIGIVMHOST5,10.232.15.157,idrac.careerbuilder.com
LUIGIVMHOST6,10.232.15.158,idrac.careerbuilder.com
LUIGIVMHOST7,10.232.15.159,idrac.careerbuilder.com
LUIGIVMHOST8,10.232.15.160,idrac.careerbuilder.com
LUIGIVMHOST9,10.232.15.161,idrac.careerbuilder.com
qtm-ns-storage,10.241.65.197,idrac.careerbuilder.com
qtm-vascoidvm,10.241.70.110,idrac.careerbuilder.com
qtmbkp2,10.241.245.155,idrac.careerbuilder.com
qtmcass23,10.241.205.193,idrac.careerbuilder.com
qtmcass24,10.241.205.194,idrac.careerbuilder.com
qtmcassdb1,10.241.205.111,idrac.careerbuilder.com
qtmcassdb2,10.241.205.112,idrac.careerbuilder.com
qtmchefs1,10.241.65.80,idrac.careerbuilder.com
qtmchefw1,10.241.65.81,idrac.careerbuilder.com
qtmhd4d1,10.241.99.200,idrac.careerbuilder.com
qtmhd4d2,10.241.99.201,idrac.careerbuilder.com
qtmhd4d3,10.241.99.202,idrac.careerbuilder.com
qtmhd4d4,10.241.99.203,idrac.careerbuilder.com
qtmhd4d5,10.241.99.204,idrac.careerbuilder.com
qtmhd4d6,10.241.99.215,idrac.careerbuilder.com
qtmhd4d7,10.241.99.216,idrac.careerbuilder.com
qtmhd5d1,10.241.99.205,idrac.careerbuilder.com
qtmhd5d2,10.241.99.206,idrac.careerbuilder.com
qtmhd5d3,10.241.99.207,idrac.careerbuilder.com
qtmhd5d4,10.241.99.208,idrac.careerbuilder.com
qtmhd5d5,10.241.99.209,idrac.careerbuilder.com
qtmhd5d6,10.241.99.217,idrac.careerbuilder.com
qtmhd5d7,10.241.99.218,idrac.careerbuilder.com
qtmhd6d1,10.241.99.210,idrac.careerbuilder.com
qtmhd6d2,10.241.99.211,idrac.careerbuilder.com
qtmhd6d3,10.241.99.212,idrac.careerbuilder.com
qtmhd6d4,10.241.99.213,idrac.careerbuilder.com
qtmhd6d5,10.241.99.214,idrac.careerbuilder.com
qtmhd6d6,10.241.99.219,idrac.careerbuilder.com
qtmhd6d7,10.241.99.220,idrac.careerbuilder.com
qtmhdtest1,10.241.99.240,idrac.careerbuilder.com
qtmjdproc1,10.241.230.112,idrac.careerbuilder.com
qtmjdproc2,10.241.230.113,idrac.careerbuilder.com
qtmjdrabbit1,10.241.205.112,idrac.careerbuilder.com
qtmjdrabbit2,10.241.205.113,idrac.careerbuilder.com
qtmmgmtvm,10.241.70.90,idrac.careerbuilder.com
qtmpassvm1,10.241.10.71,idrac.careerbuilder.com
qtwvcmdr,10.211.255.2,idrac.careerbuilder.com
qtxcbone01,10.241.122.101,idrac.careerbuilder.com
qtxcbone02,10.241.122.102,idrac.careerbuilder.com
qtxgeohost02,10.241.15.108,idrac.careerbuilder.com
REBEL1,10.211.205.101,idrac.careerbuilder.com
REBEL10,10.211.205.110,idrac.careerbuilder.com
REBEL11,10.211.205.111,idrac.careerbuilder.com
REBEL12,10.211.205.112,idrac.careerbuilder.com
REBEL13,10.211.205.113,idrac.careerbuilder.com
REBEL14,10.211.205.114,idrac.careerbuilder.com
REBEL15,10.211.205.115,idrac.careerbuilder.com
REBEL16,10.211.205.116,idrac.careerbuilder.com
REBEL17,10.211.205.117,idrac.careerbuilder.com
REBEL18,10.211.205.118,idrac.careerbuilder.com
REBEL19,10.211.205.119,idrac.careerbuilder.com
REBEL2,10.211.205.102,idrac.careerbuilder.com
REBEL20,10.211.205.120,idrac.careerbuilder.com
REBEL21,10.211.205.121,idrac.careerbuilder.com
REBEL22,10.211.205.122,idrac.careerbuilder.com
REBEL23,10.211.205.123,idrac.careerbuilder.com
REBEL24,10.211.205.124,idrac.careerbuilder.com
REBEL25,10.211.205.125,idrac.careerbuilder.com
REBEL26,10.211.205.126,idrac.careerbuilder.com
REBEL27,10.211.205.127,idrac.careerbuilder.com
REBEL28,10.211.205.128,idrac.careerbuilder.com
REBEL29,10.211.205.129,idrac.careerbuilder.com
REBEL3,10.211.205.103,idrac.careerbuilder.com
REBEL30,10.211.205.130,idrac.careerbuilder.com
REBEL32,10.211.205.132,idrac.careerbuilder.com
REBEL33,10.211.205.133,idrac.careerbuilder.com
REBEL34,10.211.205.134,idrac.careerbuilder.com
REBEL35,10.211.205.135,idrac.careerbuilder.com
REBEL36,10.211.205.136,idrac.careerbuilder.com
REBEL37,10.211.205.137,idrac.careerbuilder.com
REBEL38,10.211.205.138,idrac.careerbuilder.com
REBEL39,10.211.205.139,idrac.careerbuilder.com
REBEL4,10.211.205.104,idrac.careerbuilder.com
REBEL40,10.211.205.140,idrac.careerbuilder.com
REBEL41,10.211.205.141,idrac.careerbuilder.com
REBEL42,10.211.205.142,idrac.careerbuilder.com
REBEL43,10.211.205.143,idrac.careerbuilder.com
REBEL44,10.211.205.144,idrac.careerbuilder.com
REBEL45,10.211.205.145,idrac.careerbuilder.com
REBEL46,10.211.205.146,idrac.careerbuilder.com
REBEL47,10.211.205.147,idrac.careerbuilder.com
REBEL48,10.211.205.148,idrac.careerbuilder.com
REBEL49,10.211.205.149,idrac.careerbuilder.com
REBEL5,10.211.205.105,idrac.careerbuilder.com
REBEL50,10.211.205.150,idrac.careerbuilder.com
REBEL51,10.211.205.151,idrac.careerbuilder.com
REBEL52,10.211.205.152,idrac.careerbuilder.com
REBEL53,10.211.205.153,idrac.careerbuilder.com
REBEL54,10.211.205.154,idrac.careerbuilder.com
REBEL55,10.211.205.155,idrac.careerbuilder.com
REBEL56,10.211.205.156,idrac.careerbuilder.com
REBEL57,10.211.205.157,idrac.careerbuilder.com
REBEL58,10.211.205.158,idrac.careerbuilder.com
REBEL59,10.211.205.159,idrac.careerbuilder.com
REBEL6,10.211.205.106,idrac.careerbuilder.com
REBEL60,10.211.205.160,idrac.careerbuilder.com
REBEL7,10.211.205.107,idrac.careerbuilder.com
REBEL8,10.211.205.108,idrac.careerbuilder.com
REBEL9,10.211.205.109,idrac.careerbuilder.com
rebelb1123,10.211.107.101,idrac.careerbuilder.com
REBELBAT01,10.211.105.100,idrac.careerbuilder.com
REBELBAT02,10.211.15.148,idrac.careerbuilder.com
REBELBAT03,10.211.105.102,idrac.careerbuilder.com
REBELBAT04,10.211.105.103,idrac.careerbuilder.com
REBELCONAPI01,10.211.205.201,idrac.careerbuilder.com
REBELDFS1,10.211.15.107,idrac.careerbuilder.com
rebeldw1,10.241.20.51,idrac.careerbuilder.com
rebeldw2,10.241.20.52,idrac.careerbuilder.com
rebeldw3,10.241.20.53,idrac.careerbuilder.com
REBELDW4,10.241.20.54,idrac.careerbuilder.com
REBELJDIO1,10.211.64.201,idrac.careerbuilder.com
REBELJDIO2,10.211.64.202,idrac.careerbuilder.com
REBELJDIO3,10.211.64.203,idrac.careerbuilder.com
REBELJDIO4,10.211.64.204,idrac.careerbuilder.com
REBELJDIO5,10.211.64.205,idrac.careerbuilder.com
REBELJDIO6,10.211.64.206,idrac.careerbuilder.com
REBELJDIO7,10.211.64.207,idrac.careerbuilder.com
REBELJDIO8,10.211.64.208,idrac.careerbuilder.com
REBELJDIO9,10.211.64.209,idrac.careerbuilder.com
rebelmxws100,10.241.160.102,idrac.careerbuilder.com
rebelmxws101,10.241.160.103,idrac.careerbuilder.com
REBELNXS1,10.211.45.100,idrac.careerbuilder.com
REBELNXS2,10.211.45.101,idrac.careerbuilder.com
rebelpoi7,10.211.106.107,idrac.careerbuilder.com
REBELRDIO1,10.211.64.101,idrac.careerbuilder.com
REBELRDIO2,10.211.64.102,idrac.careerbuilder.com
REBELRDIO3,10.211.64.103,idrac.careerbuilder.com
REBELRDIO4,10.211.64.104,idrac.careerbuilder.com
REBELSC7,10.211.60.107,idrac.careerbuilder.com
rebelsolrapi8,10.211.106.128,idrac.careerbuilder.com
rebelsolrapi9,10.211.106.134,idrac.careerbuilder.com
rebelsolrapim12,10.211.106.132,idrac.careerbuilder.com
rebelsolrapim8,10.211.106.127,idrac.careerbuilder.com
rebelsolrapim9,10.211.106.129,idrac.careerbuilder.com
rebelsolrbeast,10.211.76.170,idrac.careerbuilder.com
rebelsolrjob1,10.211.214.120,idrac.careerbuilder.com
REBELSOLRJOB10,10.211.214.129,idrac.careerbuilder.com
REBELSOLRJOB11,10.211.214.130,idrac.careerbuilder.com
REBELSOLRJOB12,10.211.214.131,idrac.careerbuilder.com
REBELSOLRJOB13,10.211.214.132,idrac.careerbuilder.com
rebelsolrjob14,10.211.214.133,idrac.careerbuilder.com
rebelsolrjob15,10.211.214.134,idrac.careerbuilder.com
REBELSOLRJOB16,10.211.214.135,idrac.careerbuilder.com
REBELSOLRJOB17,10.211.214.136,idrac.careerbuilder.com
rebelsolrjob18,10.211.214.137,idrac.careerbuilder.com
REBELSOLRJOB19,10.211.214.138,idrac.careerbuilder.com
rebelsolrjob2,10.211.214.121,idrac.careerbuilder.com
REBELSOLRJOB20,10.211.214.139,idrac.careerbuilder.com
REBELSOLRJOB24,10.211.214.143,idrac.careerbuilder.com
REBELSOLRJOB25,10.211.214.144,idrac.careerbuilder.com
REBELSOLRJOB26,10.211.214.145,idrac.careerbuilder.com
REBELSOLRJOB27,10.211.214.146,idrac.careerbuilder.com
REBELSOLRJOB28,10.211.214.147,idrac.careerbuilder.com
REBELSOLRJOB29,10.211.214.148,idrac.careerbuilder.com
rebelsolrjob3,10.211.214.122,idrac.careerbuilder.com
REBELSOLRJOB31,10.211.214.150,idrac.careerbuilder.com
REBELSOLRJOB32,10.211.214.151,idrac.careerbuilder.com
rebelsolrjob4,10.211.214.123,idrac.careerbuilder.com
rebelsolrjob5,10.211.214.124,idrac.careerbuilder.com
rebelsolrjob6,10.211.214.125,idrac.careerbuilder.com
rebelsolrjob7,10.211.214.126,idrac.careerbuilder.com
rebelsolrjob8,10.211.214.127,idrac.careerbuilder.com
REBELSOLRJOB9,10.211.214.128,idrac.careerbuilder.com
rebelsolrjobm1,10.211.214.101,idrac.careerbuilder.com
rebelsolrjobm2,10.211.214.102,idrac.careerbuilder.com
rebelsolrjobm3,10.211.214.103,idrac.careerbuilder.com
rebelsolrmsp2,10.211.106.146,idrac.careerbuilder.com
rebelsolrmsp4,10.211.106.148,idrac.careerbuilder.com
REBELSOLRONE03,10.211.106.168,idrac.careerbuilder.com
rebelsolrone03F8A6EB,10.211.106.168,idrac.careerbuilder.com
REBELSOLRONE04,10.211.106.169,idrac.careerbuilder.com
REBELSOLRONE05,10.211.106.170,idrac.careerbuilder.com
REBELSOLRONE06,10.211.106.171,idrac.careerbuilder.com
REBELSOLRONE07,10.211.106.172,idrac.careerbuilder.com
REBELSOLRONEM1,10.211.106.165,idrac.careerbuilder.com
REBELSOLRRES35,10.211.77.153,idrac.careerbuilder.com
rebelspace,10.211.15.93,idrac.careerbuilder.com
REBELVMHOST01,10.211.15.121,idrac.careerbuilder.com
REBELVMHOST02,10.211.15.122,idrac.careerbuilder.com
REBELVMHOST03,10.211.15.122,idrac.careerbuilder.com
REBELVMHOST04,10.211.15.117,idrac.careerbuilder.com
solarwindsdb,10.241.10.237,idrac.careerbuilder.com
sounda,10.241.110.76,idrac.careerbuilder.com
soundb,10.241.110.77,idrac.careerbuilder.com
telx-redpanda1,172.30.254.22,idrac.careerbuilder.com
testtest,10.240.18.100,idrac.careerbuilder.com
akira1,10.240.65.211,atl.careerbuilder.com
akira2,10.240.65.210,atl.careerbuilder.com
ATEDRONETEST01,10.198.55.2,atl.careerbuilder.com
bearbkp1-1,10.230.245.51,atl.careerbuilder.com
bearbkp1-2,10.230.245.52,atl.careerbuilder.com
bearbuildvm1,10.230.15.119,atl.careerbuilder.com
bearcl,10.230.65.251,atl.careerbuilder.com
beardeployvm1,10.230.15.96,atl.careerbuilder.com
beardns,10.230.77.106,atl.careerbuilder.com
BEARDRDOC1,10.230.215.51,atl.careerbuilder.com
beardrhost1,10.230.15.95,atl.careerbuilder.com
BEARDRWS1,10.230.205.53,atl.careerbuilder.com
BEARLOGIC1A,10.230.65.66,atl.careerbuilder.com
BEARLOGIC1B,10.230.65.67,atl.careerbuilder.com
BEARLOGIC2A,10.230.65.68,atl.careerbuilder.com
BEARLOGIC2B,10.230.65.69,atl.careerbuilder.com
BEARLS01,10.230.65.111,atl.careerbuilder.com
bearparse04,10.230.222.53,atl.careerbuilder.com
bearparse05,10.230.222.54,atl.careerbuilder.com
bearpsbhive1,10.230.107.100,atl.careerbuilder.com
bearpsbhive2,10.230.107.101,atl.careerbuilder.com
bearpxe,10.230.15.81,atl.careerbuilder.com
bearrelay,10.230.77.102,atl.careerbuilder.com
bearres,10.230.76.187,atl.careerbuilder.com
BEARRPROC11,10.230.230.111,atl.careerbuilder.com
bearshark,10.230.77.104,atl.careerbuilder.com
bearsniff,10.230.1.120,atl.careerbuilder.com
bearsolrapi12,10.230.106.114,atl.careerbuilder.com
bearsolrapi8,10.230.214.150,atl.careerbuilder.com
bearsolrapi9,10.230.106.111,atl.careerbuilder.com
bearsolrapim12,10.230.106.108,atl.careerbuilder.com
bearsolrapim8,10.230.214.149,atl.careerbuilder.com
bearsolrapim9,10.230.106.105,atl.careerbuilder.com
bearsolrjob17,10.230.214.151,atl.careerbuilder.com
bearsolrjob18,10.230.214.152,atl.careerbuilder.com
bearsolrjob19,10.230.214.153,atl.careerbuilder.com
bearsolrmvm,10.230.214.250,atl.careerbuilder.com
bearsolrone03,10.230.106.168,atl.careerbuilder.com
bearsolrone04,10.230.106.169,atl.careerbuilder.com
bearsolrone05,10.230.106.170,atl.careerbuilder.com
bearsolrone06,10.230.106.171,atl.careerbuilder.com
bearsolrone07,10.230.106.172,atl.careerbuilder.com
bearsolronem1,10.230.106.165,atl.careerbuilder.com
bearsolrres37,10.230.77.151,atl.careerbuilder.com
bearsolrres38,10.230.77.152,atl.careerbuilder.com
bearsolrtmp,10.230.214.252,atl.careerbuilder.com
bearsolrtmpm,10.230.214.253,atl.careerbuilder.com
bearsolrvm,10.230.214.249,atl.careerbuilder.com
BEARSTAPI14,10.230.205.174,atl.careerbuilder.com
BEARSTAPI17,10.230.205.177,atl.careerbuilder.com
BEARSTAPI18,10.230.205.178,atl.careerbuilder.com
BEARSTAPI19,10.230.205.179,atl.careerbuilder.com
bearvm1,10.230.70.51,atl.careerbuilder.com
bearvm2,10.230.70.52,atl.careerbuilder.com
bearvm3,10.230.70.53,atl.careerbuilder.com
bearvm4,10.230.70.54,atl.careerbuilder.com
bearvm5,10.230.70.55,atl.careerbuilder.com
bearvm6,10.230.70.56,atl.careerbuilder.com
BearVMHost01,10.230.15.101,atl.careerbuilder.com
BearVMHost02,10.230.15.102,atl.careerbuilder.com
biospxetest1,10.198.110.95,atl.careerbuilder.com
bossvm2,10.240.10.199,atl.careerbuilder.com
BUZZB,10.245.110.116,atl.careerbuilder.com
CBBATCH28,10.240.105.160,atl.careerbuilder.com
CBBATCH29,10.240.105.164,atl.careerbuilder.com
CBBATCH30,10.240.105.163,atl.careerbuilder.com
CBBATCH31,10.240.105.162,atl.careerbuilder.com
CBBATCH32,10.240.105.161,atl.careerbuilder.com
cbpxe,10.240.20.77,atl.careerbuilder.com
CBSTATSBATCH01,10.240.105.135,atl.careerbuilder.com
CBSTATSBATCH02,10.240.105.136,atl.careerbuilder.com
centos66-v1b,10.210.15.240,atl.careerbuilder.com
centvm1,10.198.75.101,atl.careerbuilder.com
CHEETAHTEST,10.240.65.223,atl.careerbuilder.com
chi-acs-dot19,10.230.1.19,atl.careerbuilder.com
chi-centos66-v1b,10.230.107.200,atl.careerbuilder.com
chi-log-dot151,10.230.65.151,atl.careerbuilder.com
chi-pan-dot160,10.230.65.160,atl.careerbuilder.com
chi-pan-dot161,10.230.65.161,atl.careerbuilder.com
chi-sp-dot205,10.230.65.205,atl.careerbuilder.com
chi_dr_vmhosts,10.237.15.100,atl.careerbuilder.com
CHILM05-0,10.230.65.44,atl.careerbuilder.com
chilogic3a,10.230.65.70,atl.careerbuilder.com
chilogic3b,10.230.65.71,atl.careerbuilder.com
CHIPtoV1,10.230.65.210,atl.careerbuilder.com
CHIPtoV2,10.230.65.211,atl.careerbuilder.com
CHIPtoV3,10.230.65.212,atl.careerbuilder.com
CHIPtoV4,10.230.65.213,atl.careerbuilder.com
chipxe,10.230.15.100,atl.careerbuilder.com
chipxehost,10.230.15.80,atl.careerbuilder.com
chisansw1,10.235.110.38,atl.careerbuilder.com
chisansw2,10.235.110.39,atl.careerbuilder.com
chisnpxe,10.231.254.50,atl.careerbuilder.com
chisolrjob16,10.230.214.178,atl.careerbuilder.com
chisolrjob17,10.230.214.179,atl.careerbuilder.com
chisolrjob18,10.230.214.180,atl.careerbuilder.com
chisolrjob19,10.230.214.181,atl.careerbuilder.com
chisolrjob46,10.230.214.208,atl.careerbuilder.com
chisolrjob47,10.230.214.209,atl.careerbuilder.com
chisolrjob48,10.230.214.210,atl.careerbuilder.com
chisolrjob49,10.230.214.211,atl.careerbuilder.com
chisolrjob76,10.230.214.238,atl.careerbuilder.com
chisolrjob77,10.230.214.239,atl.careerbuilder.com
chisolrjob78,10.230.214.240,atl.careerbuilder.com
chisolrjob79,10.230.214.241,atl.careerbuilder.com
CHISPACEM1,10.230.15.101,atl.careerbuilder.com
Chitacrad01,10.230.70.18,atl.careerbuilder.com
chivmhost01,10.230.15.121,atl.careerbuilder.com
CLOUDLOGIC1B,10.198.52.111,atl.careerbuilder.com
CLOUDLOGIC2A,10.198.52.112,atl.careerbuilder.com
cloudspace1,10.198.52.185,atl.careerbuilder.com
cloudzilla,10.198.52.186,atl.careerbuilder.com
DALEKTEST,10.240.65.102,atl.careerbuilder.com
devapm03,10.198.55.192,atl.careerbuilder.com
devcass4,10.198.70.74,atl.careerbuilder.com
devhd1m01,10.199.60.188,atl.careerbuilder.com
devhdchef1,10.198.52.237,atl.careerbuilder.com
devid1,10.198.52.160,atl.careerbuilder.com
devkace,10.198.54.189,atl.careerbuilder.com
DEVLMEMS,10.198.30.240,atl.careerbuilder.com
DEVSAN01,10.198.65.42,atl.careerbuilder.com
devsbvm3,10.198.70.108,atl.careerbuilder.com
devsbvm4,10.198.70.109,atl.careerbuilder.com
devsbvm5,10.198.70.110,atl.careerbuilder.com
DEVSOUNDA,10.198.110.72,atl.careerbuilder.com
DIS-VASCOID,10.239.65.25,atl.careerbuilder.com
dis-vascoidvm,10.239.15.110,atl.careerbuilder.com
dpiblast1q,10.240.212.200,atl.careerbuilder.com
dpimail1q,10.240.212.190,atl.careerbuilder.com
dpimail2q,10.240.212.191,atl.careerbuilder.com
DRbkp1,10.236.110.205,atl.careerbuilder.com
DRBUMBLE,10.236.110.89,atl.careerbuilder.com
DRBUMBLEA,10.236.110.86,atl.careerbuilder.com
DRBUMBLEB,10.236.110.87,atl.careerbuilder.com
DRBUMBLECL,10.236.110.88,atl.careerbuilder.com
DRCLIFF,10.236.110.118,atl.careerbuilder.com
DRCLIFFA,10.236.110.115,atl.careerbuilder.com
DRCLIFFB,10.236.110.116,atl.careerbuilder.com
DRCLIFFCL,10.236.110.117,atl.careerbuilder.com
drmt1sw1,10.232.111.45,atl.careerbuilder.com
drmt1sw2,10.232.111.46,atl.careerbuilder.com
drmt2sw1,10.232.111.47,atl.careerbuilder.com
drmt2sw2,10.232.111.48,atl.careerbuilder.com
drmt3sw1,10.232.111.49,atl.careerbuilder.com
drmt3sw2,10.232.111.50,atl.careerbuilder.com
DRSOUND,10.236.110.79,atl.careerbuilder.com
DRSOUNDA,10.236.110.76,atl.careerbuilder.com
DRSOUNDB,10.236.110.77,atl.careerbuilder.com
DRSOUNDCL,10.236.110.78,atl.careerbuilder.com
DRVMHOST1,10.239.15.151,atl.careerbuilder.com
DRVMHOST2,10.239.15.152,atl.careerbuilder.com
flintstone,10.240.20.60,atl.careerbuilder.com
GHQ2012TEST01,10.198.55.213,atl.careerbuilder.com
ghqbatman,10.198.52.92,atl.careerbuilder.com
GHQBearPSBHive1,10.198.52.81,atl.careerbuilder.com
ghqbity,10.198.52.45,atl.careerbuilder.com
ghqchipsbkeep4,10.198.55.142,atl.careerbuilder.com
ghqdpidepupd,10.198.55.9,atl.careerbuilder.com
GHQDPITEST,10.198.55.148,atl.careerbuilder.com
GHQIACPSLG1,10.198.52.49,atl.careerbuilder.com
ghqiacpsts01,10.198.52.173,atl.careerbuilder.com
ghqiacpsts02,10.198.52.174,atl.careerbuilder.com
GHQMAIL01,10.198.30.233,atl.careerbuilder.com
ghqparse1,10.198.30.150,atl.careerbuilder.com
ghqpiauditfe04,10.198.55.148,atl.careerbuilder.com
ghqpichefcp,10.198.52.236,atl.careerbuilder.com
ghqpichefcrp3,10.198.52.45,atl.careerbuilder.com
ghqpichefcrp5,10.198.52.92,atl.careerbuilder.com
ghqpichefcrp6,10.198.52.81,atl.careerbuilder.com
ghqpichefopt1,10.198.52.7,atl.careerbuilder.com
ghqpichefopt2,10.198.52.196,atl.careerbuilder.com
ghqpichefpuck,10.198.52.147,atl.careerbuilder.com
ghqpigitsumbackup,10.198.52.198,atl.careerbuilder.com
ghqpigraphite01,10.198.52.213,atl.careerbuilder.com
ghqpimorimoto,10.198.52.45,atl.careerbuilder.com
ghqpimzungu,10.198.55.2,atl.careerbuilder.com
ghqpiopenchef,10.198.52.70,atl.careerbuilder.com
ghqpipkgrepo01,10.198.52.142,atl.careerbuilder.com
ghqpipkgrepo02,10.198.52.145,atl.careerbuilder.com
ghqpirailsapp1,10.198.52.199,atl.careerbuilder.com
ghqpsapitest,10.198.52.168,atl.careerbuilder.com
ghqpsapitester,10.198.52.168,atl.careerbuilder.com
ghqpsbeehive,10.198.30.160,atl.careerbuilder.com
ghqpsbeehive2,10.198.30.163,atl.careerbuilder.com
ghqpsbeekeeper,10.198.30.161,atl.careerbuilder.com
ghqqtwpsbkeep4,10.198.55.132,atl.careerbuilder.com
ghqrabbit03,10.198.30.91,atl.careerbuilder.com
GHQREBWS01,10.199.205.240,atl.careerbuilder.com
GHQSelfService,10.199.205.246,atl.careerbuilder.com
ghqstcassweb,10.198.52.92,atl.careerbuilder.com
ghqstproxy,10.198.52.37,atl.careerbuilder.com
GHQSTSTRESS5,10.198.52.151,atl.careerbuilder.com
ghqsttest,10.198.52.12,atl.careerbuilder.com
ghqsttest2,10.198.52.18,atl.careerbuilder.com
ghqtest,10.198.52.99,atl.careerbuilder.com
GHQTest24,10.198.52.13,atl.careerbuilder.com
GHQTEST3,10.198.30.103,atl.careerbuilder.com
GHQTEST9,10.198.30.109,atl.careerbuilder.com
gitsumbackup,10.199.60.164,atl.careerbuilder.com
gms,10.240.65.206,atl.careerbuilder.com
hackathon_idea,10.198.30.96,atl.careerbuilder.com
hat-centos6-1,10.198.55.243,atl.careerbuilder.com
hat-centos6-2,10.198.55.244,atl.careerbuilder.com
IACBATCH03,10.240.105.42,atl.careerbuilder.com
IACBATCH04,10.240.105.43,atl.careerbuilder.com
integrationsolr,10.198.52.92,atl.careerbuilder.com
jeffubuntu02,10.198.55.142,atl.careerbuilder.com
jt-awstest6,10.220.53.105,atl.careerbuilder.com
jt-test909,10.230.65.40,atl.careerbuilder.com
kalilin1,10.198.70.140,atl.careerbuilder.com
LABMGT1,10.240.65.181,atl.careerbuilder.com
LABWEB1,10.240.65.182,atl.careerbuilder.com
LAUNGUARD,10.240.65.181,atl.careerbuilder.com
log-dot151,10.240.65.151,atl.careerbuilder.com
luigi_test,10.239.65.80,atl.careerbuilder.com
LUIGIASYNC1,10.239.110.101,atl.careerbuilder.com
LUIGIASYNC10,10.239.110.110,atl.careerbuilder.com
LUIGIASYNC2,10.239.110.102,atl.careerbuilder.com
LUIGIASYNC3,10.239.110.103,atl.careerbuilder.com
LUIGIASYNC4,10.239.110.104,atl.careerbuilder.com
LUIGIASYNC5,10.239.110.105,atl.careerbuilder.com
LUIGIASYNC6,10.239.110.106,atl.careerbuilder.com
LUIGIASYNC7,10.239.110.107,atl.careerbuilder.com
LUIGIASYNC8,10.239.110.108,atl.careerbuilder.com
LUIGIASYNC9,10.239.110.109,atl.careerbuilder.com
LUIGIAUTH1,10.239.101.101,atl.careerbuilder.com
LUIGIAUTH2,10.239.101.102,atl.careerbuilder.com
LUIGIBATCH1,10.239.105.101,atl.careerbuilder.com
LUIGIBATCH10,10.239.105.110,atl.careerbuilder.com
LUIGIBATCH11,10.239.105.111,atl.careerbuilder.com
LUIGIBATCH12,10.239.105.112,atl.careerbuilder.com
LUIGIBATCH13,10.239.105.113,atl.careerbuilder.com
LUIGIBATCH14,10.239.105.114,atl.careerbuilder.com
LUIGIBATCH15,10.239.105.115,atl.careerbuilder.com
LUIGIBATCH16,10.239.105.116,atl.careerbuilder.com
LUIGIBATCH2,10.239.105.102,atl.careerbuilder.com
LUIGIBATCH3,10.239.105.103,atl.careerbuilder.com
LUIGIBATCH4,10.239.105.104,atl.careerbuilder.com
LUIGIBATCH5,10.239.105.105,atl.careerbuilder.com
LUIGIBATCH6,10.239.105.106,atl.careerbuilder.com
LUIGIBATCH7,10.239.105.107,atl.careerbuilder.com
LUIGIBATCH8,10.239.105.108,atl.careerbuilder.com
LUIGIBATCH9,10.239.105.109,atl.careerbuilder.com
LUIGIBLAST,10.239.70.100,atl.careerbuilder.com
LUIGIBOASYNC1,10.239.110.100,atl.careerbuilder.com
LUIGIBOBATCH1,10.239.105.157,atl.careerbuilder.com
LUIGIBOBLAST,10.239.40.105,atl.careerbuilder.com
LUIGIBOWS1,10.239.40.100,atl.careerbuilder.com
luigideploy1,10.239.15.76,atl.careerbuilder.com
luigideployvm1,10.239.15.96,atl.careerbuilder.com
LUIGIDFS,10.239.15.150,atl.careerbuilder.com
LUIGIDPIBATCH1,10.239.105.201,atl.careerbuilder.com
LUIGIDPIBLAST1,10.239.212.200,atl.careerbuilder.com
LUIGIDPIFEED1,10.239.91.152,atl.careerbuilder.com
LUIGIDPIMAIL1,10.239.212.190,atl.careerbuilder.com
LUIGIDPISVC1,10.239.213.100,atl.careerbuilder.com
LUIGIDPISVC2,10.239.213.101,atl.careerbuilder.com
luigihdchef1,10.239.70.110,atl.careerbuilder.com
LUIGIJEPROC1,10.239.84.101,atl.careerbuilder.com
LUIGIJEPROC2,10.239.84.102,atl.careerbuilder.com
LUIGIJEPROC3,10.239.84.103,atl.careerbuilder.com
LUIGIJEPROC4,10.239.84.104,atl.careerbuilder.com
LUIGIJEPROC5,10.239.84.105,atl.careerbuilder.com
LUIGIJEPROC6,10.239.84.106,atl.careerbuilder.com
LUIGILOGIC1A,10.239.65.66,atl.careerbuilder.com
LUIGILOGIC1B,10.239.65.67,atl.careerbuilder.com
LUIGIMAIL1,10.239.186.101,atl.careerbuilder.com
LUIGIMAIL10,10.239.40.54,atl.careerbuilder.com
LUIGIMAIL100,10.239.188.50,atl.careerbuilder.com
LUIGIMAIL101,10.239.188.70,atl.careerbuilder.com
LUIGIMAIL102,10.239.188.90,atl.careerbuilder.com
LUIGIMAIL11,10.239.40.70,atl.careerbuilder.com
LUIGIMAIL12,10.239.40.93,atl.careerbuilder.com
LUIGIMAIL2,10.239.186.102,atl.careerbuilder.com
LUIGIMAIL200,10.239.187.100,atl.careerbuilder.com
LUIGIMAIL201,10.239.187.101,atl.careerbuilder.com
LUIGIMAIL202,10.239.187.102,atl.careerbuilder.com
LUIGIMAIL203,10.239.187.103,atl.careerbuilder.com
LUIGIMAIL204,10.239.187.104,atl.careerbuilder.com
LUIGIMAIL205,10.239.187.105,atl.careerbuilder.com
LUIGIMAIL300,10.239.192.100,atl.careerbuilder.com
LUIGIMAIL301,10.239.192.101,atl.careerbuilder.com
LUIGIMAILBOSM1,10.239.192.200,atl.careerbuilder.com
LUIGIMAP1,10.239.91.131,atl.careerbuilder.com
LUIGIMAP2,10.239.91.132,atl.careerbuilder.com
LUIGIMAP3,10.239.91.133,atl.careerbuilder.com
LUIGIMAP4,10.239.91.134,atl.careerbuilder.com
LUIGIMX1,10.239.40.102,atl.careerbuilder.com
LUIGIMXWS1,10.239.40.103,atl.careerbuilder.com
luigiorkin1,10.239.65.71,atl.careerbuilder.com
luigipi01,10.239.70.19,atl.careerbuilder.com
LUIGIPXE,10.239.15.81,atl.careerbuilder.com
LUIGIRPROC1,10.239.230.101,atl.careerbuilder.com
LUIGIRPROC2,10.239.230.102,atl.careerbuilder.com
LUIGIRPROC3,10.239.230.103,atl.careerbuilder.com
LUIGIRPROC4,10.239.230.104,atl.careerbuilder.com
luigisnpi01,10.239.70.19,atl.careerbuilder.com
luigisnpxe,10.232.254.50,atl.careerbuilder.com
luigistats,10.239.65.65,atl.careerbuilder.com
LUIGISVC1,10.239.100.101,atl.careerbuilder.com
LUIGISVC2,10.239.100.102,atl.careerbuilder.com
LUIGISVC3,10.239.100.103,atl.careerbuilder.com
LUIGISVC4,10.239.100.104,atl.careerbuilder.com
LUIGISVC5,10.239.100.105,atl.careerbuilder.com
LUIGISVC6,10.239.100.106,atl.careerbuilder.com
luigivmhost1,10.239.15.153,atl.careerbuilder.com
luigivmhost10,10.239.15.162,atl.careerbuilder.com
luigivmhost11,10.239.15.163,atl.careerbuilder.com
luigivmhost12,10.239.15.164,atl.careerbuilder.com
luigivmhost13,10.239.15.165,atl.careerbuilder.com
luigivmhost2,10.239.15.154,atl.careerbuilder.com
luigivmhost3,10.239.15.155,atl.careerbuilder.com
luigivmhost4,10.239.15.156,atl.careerbuilder.com
luigivmhost5,10.239.15.157,atl.careerbuilder.com
luigivmhost6,10.239.15.158,atl.careerbuilder.com
luigivmhost7,10.239.15.159,atl.careerbuilder.com
luigivmhost8,10.239.15.160,atl.careerbuilder.com
luigivmhost9,10.239.15.161,atl.careerbuilder.com
ManEng-Patch,10.198.55.142,atl.careerbuilder.com
megamagikarp,10.198.52.45,atl.careerbuilder.com
metroplex,10.198.52.196,atl.careerbuilder.com
monitorme,10.240.70.145,atl.careerbuilder.com
MSUpdates,10.240.65.250,atl.careerbuilder.com
netscalervpx,10.198.110.110,atl.careerbuilder.com
NewFormQTW,10.210.215.30,atl.careerbuilder.com
novamahmoud,10.198.52.124,atl.careerbuilder.com
opschef,10.255.10.3,atl.careerbuilder.com
pichef,10.198.52.164,atl.careerbuilder.com
playground,10.198.99.150,atl.careerbuilder.com
poochie,10.198.75.203,atl.careerbuilder.com
prtg,10.240.70.129,atl.careerbuilder.com
q1radar,10.240.65.150,atl.careerbuilder.com
qtm-acs-dot119,10.240.1.119,atl.careerbuilder.com
qtm-flow-dot152,10.240.65.152,atl.careerbuilder.com
qtm-log-dot151,10.240.65.151,atl.careerbuilder.com
qtm-ns-bkp,10.240.65.197,atl.careerbuilder.com
qtm-ns-storage,10.240.65.197,atl.careerbuilder.com
qtm-pan-dot160,10.240.65.160,atl.careerbuilder.com
qtm-pan-dot161,10.240.65.161,atl.careerbuilder.com
qtm-vascoidvm,10.240.70.110,atl.careerbuilder.com
qtm-wanscaler-dot102,10.240.10.102,atl.careerbuilder.com
qtmcass14,10.240.205.184,atl.careerbuilder.com
qtmcass22,10.240.205.192,atl.careerbuilder.com
qtmchefs1,10.240.65.80,atl.careerbuilder.com
qtmchefw1,10.240.65.81,atl.careerbuilder.com
QTMDATAPRO,10.240.70.144,atl.careerbuilder.com
qtmdeploy1,10.240.20.76,atl.careerbuilder.com
qtmdeployvm1,10.240.70.111,atl.careerbuilder.com
qtmhd4d1,10.240.99.200,atl.careerbuilder.com
qtmhd4d2,10.240.99.201,atl.careerbuilder.com
qtmhd4d3,10.240.99.202,atl.careerbuilder.com
qtmhd4d4,10.240.99.203,atl.careerbuilder.com
qtmhd4d5,10.240.99.204,atl.careerbuilder.com
qtmhd4d6,10.240.99.215,atl.careerbuilder.com
qtmhd4d7,10.240.99.216,atl.careerbuilder.com
qtmhd5d1,10.240.99.205,atl.careerbuilder.com
qtmhd5d2,10.240.99.206,atl.careerbuilder.com
qtmhd5d3,10.240.99.207,atl.careerbuilder.com
qtmhd5d4,10.240.99.208,atl.careerbuilder.com
qtmhd5d5,10.240.99.209,atl.careerbuilder.com
qtmhd5d6,10.240.99.217,atl.careerbuilder.com
qtmhd5d7,10.240.99.218,atl.careerbuilder.com
qtmhd6d1,10.240.99.210,atl.careerbuilder.com
qtmhd6d2,10.240.99.211,atl.careerbuilder.com
qtmhd6d3,10.240.99.212,atl.careerbuilder.com
qtmhd6d4,10.240.99.213,atl.careerbuilder.com
qtmhd6d5,10.240.99.214,atl.careerbuilder.com
qtmhd6d6,10.240.99.219,atl.careerbuilder.com
qtmhd6d7,10.240.99.220,atl.careerbuilder.com
qtmhdfsm1,10.240.99.130,atl.careerbuilder.com
qtmhdtest1,10.240.99.240,atl.careerbuilder.com
QTMHPIRS1,10.240.70.138,atl.careerbuilder.com
QTMLM01,10.240.70.125,atl.careerbuilder.com
QTMLM04,10.240.70.142,atl.careerbuilder.com
QTMOPSCLOUD1,10.240.70.150,atl.careerbuilder.com
qtmrabbit7,10.240.205.138,atl.careerbuilder.com
qtmsnpxe,10.241.254.50,atl.careerbuilder.com
qtmspace1,10.240.70.86,atl.careerbuilder.com
QTMSPACEM1,10.240.70.101,atl.careerbuilder.com
qtmspare2,10.240.15.105,atl.careerbuilder.com
QTMSTATSLS1,10.240.20.71,atl.careerbuilder.com
QTMVCMDR2,10.240.70.152,atl.careerbuilder.com
QTMWSUS,10.240.70.143,atl.careerbuilder.com
qts-sniff,10.210.1.130,atl.careerbuilder.com
qtw-centos66-v1b,10.210.107.200,atl.careerbuilder.com
qtw-gtm-18,10.210.10.18,atl.careerbuilder.com
QTW-LUMENSION,10.210.64.137,atl.careerbuilder.com
qtw-pan-dot161,10.210.65.161,atl.careerbuilder.com
qtw-pandot160,10.210.65.160,atl.careerbuilder.com
qtw-waf-dot25,10.210.65.25,atl.careerbuilder.com
qtwcephm1,10.255.1.53,atl.careerbuilder.com
qtwcephn1,10.255.1.58,atl.careerbuilder.com
qtwopstv,10.255.10.9,atl.careerbuilder.com
QTWPtoV1,10.210.65.210,atl.careerbuilder.com
QTWPtoV2,10.210.65.211,atl.careerbuilder.com
QTWPtoV3,10.210.65.212,atl.careerbuilder.com
QTWPtoV4,10.210.65.213,atl.careerbuilder.com
QTWR410,10.210.64.110,atl.careerbuilder.com
QTWR415,10.210.64.115,atl.careerbuilder.com
qtwsnpxe,10.211.254.50,atl.careerbuilder.com
qtwspares16,10.210.110.110,atl.careerbuilder.com
qtwspares17,10.210.110.111,atl.careerbuilder.com
qtwstratus1,10.255.1.51,atl.careerbuilder.com
qtwstratus2,10.255.1.52,atl.careerbuilder.com
qtwstratus4,10.255.1.54,atl.careerbuilder.com
qtwstratus5,10.255.1.55,atl.careerbuilder.com
qtwstratus6,10.255.1.56,atl.careerbuilder.com
qtwstratus7,10.255.1.57,atl.careerbuilder.com
qtwstratusm1,10.255.1.25,atl.careerbuilder.com
QTXDPIPRODBLAST,10.240.213.40,atl.careerbuilder.com
QTXPtoV1,10.240.65.210,atl.careerbuilder.com
QTXPtoV2,10.240.65.211,atl.careerbuilder.com
QTXPTOV3,10.240.65.212,atl.careerbuilder.com
Qtxtacrad01,10.240.70.18,atl.careerbuilder.com
rdc,10.240.65.240,atl.careerbuilder.com
rdc6500,10.240.65.240,atl.careerbuilder.com
rebelchefc1,10.255.10.5,atl.careerbuilder.com
rebelchefn1,10.255.10.6,atl.careerbuilder.com
rebelclouddb2,10.255.1.29,atl.careerbuilder.com
REBELDOC08,10.210.215.31,atl.careerbuilder.com
REBELDPIWEB02,10.210.212.104,atl.careerbuilder.com
rebelfastadm,10.210.76.200,atl.careerbuilder.com
rebelfastqr,10.210.76.201,atl.careerbuilder.com
rebelfastsn1,10.210.76.202,atl.careerbuilder.com
rebelfastsn2,10.210.76.203,atl.careerbuilder.com
rebelfastsn3,10.210.76.204,atl.careerbuilder.com
rebeljdio1,10.210.64.201,atl.careerbuilder.com
rebeljdio2,10.210.64.202,atl.careerbuilder.com
rebeljdio3,10.210.64.203,atl.careerbuilder.com
rebeljdio4,10.210.64.204,atl.careerbuilder.com
rebeljdio5,10.210.64.205,atl.careerbuilder.com
rebeljdio6,10.210.64.206,atl.careerbuilder.com
rebeljdio7,10.210.64.207,atl.careerbuilder.com
rebeljdio8,10.210.64.208,atl.careerbuilder.com
rebeljdio9,10.210.64.209,atl.careerbuilder.com
REBELLOGIC2B,10.210.65.69,atl.careerbuilder.com
rebelmlow100,10.210.30.155,atl.careerbuilder.com
rebelmlow101,10.210.30.156,atl.careerbuilder.com
rebelmlow102,10.210.30.157,atl.careerbuilder.com
rebelmlow103,10.210.30.158,atl.careerbuilder.com
rebelpsbhive1,10.210.107.100,atl.careerbuilder.com
rebelpsbhive2,10.210.107.101,atl.careerbuilder.com
rebelpxe,10.210.15.81,atl.careerbuilder.com
REBELSC7,10.210.60.107,atl.careerbuilder.com
rebelsolr1,10.210.76.111,atl.careerbuilder.com
rebelsolrapi8,10.210.106.128,atl.careerbuilder.com
rebelsolrapi9,10.210.106.134,atl.careerbuilder.com
rebelsolrapim12,10.210.106.132,atl.careerbuilder.com
rebelsolrapim8,10.210.106.127,atl.careerbuilder.com
rebelsolrapim9,10.210.106.129,atl.careerbuilder.com
rebelsolrbeast,10.210.76.170,atl.careerbuilder.com
rebelsolrmvm,10.210.214.240,atl.careerbuilder.com
rebelsolrone03,10.210.106.168,atl.careerbuilder.com
rebelsolrone04,10.210.106.169,atl.careerbuilder.com
rebelsolrone05,10.210.106.170,atl.careerbuilder.com
rebelsolrone06,10.210.106.171,atl.careerbuilder.com
rebelsolrone07,10.210.106.172,atl.careerbuilder.com
rebelsolronem1,10.210.106.165,atl.careerbuilder.com
rebelsolrres35,10.210.77.153,atl.careerbuilder.com
rebelsolrtmp,10.210.214.240,atl.careerbuilder.com
rebelsolrtmpm,10.210.214.241,atl.careerbuilder.com
rebelsparenic3,10.210.110.110,atl.careerbuilder.com
rebelstratus1,10.255.1.30,atl.careerbuilder.com
rebelstratus2,10.255.1.31,atl.careerbuilder.com
rebelstratusdb1,10.255.1.28,atl.careerbuilder.com
rebelstratusdb2,10.255.1.29,atl.careerbuilder.com
rebelvmhost01,10.210.15.120,atl.careerbuilder.com
RebelVMHost02,10.210.15.121,atl.careerbuilder.com
RebelVMHost03,10.210.15.122,atl.careerbuilder.com
rebelvmhost04,10.210.15.117,atl.careerbuilder.com
rhvbearapi1,10.230.106.205,atl.careerbuilder.com
rhvbearapi2,10.230.106.206,atl.careerbuilder.com
sag,10.240.65.250,atl.careerbuilder.com
secureid,10.240.10.245,atl.careerbuilder.com
silverchef,10.198.30.72,atl.careerbuilder.com
silverdash,10.198.30.73,atl.careerbuilder.com
SiteDBLM01,10.230.65.46,atl.careerbuilder.com
SiteDBLM02,10.210.65.31,atl.careerbuilder.com
SITEOPSNEWSDB,10.198.55.201,atl.careerbuilder.com
skynetdb,10.240.70.84,atl.careerbuilder.com
Test4NewFormWin,10.198.55.11,atl.careerbuilder.com
testcass1,10.198.70.77,atl.careerbuilder.com
testchef,10.198.52.183,atl.careerbuilder.com
ubuntu-vmtest,10.198.55.245,atl.careerbuilder.com
